Model,RMSE,MAE
ARIMA,0.7973001601912796,0.6409504603918904
Optimized LSTM,0.5449747082457554,0.39695902285083895
